{
  "camera_label": "cam_h",
  "side": "right",
  "R_cam2ref": [
    [
      -0.019024340515354288,
      -0.5083879840468148,
      0.860917959009319
    ],
    [
      -0.9992674280090241,
      0.038266714301299354,
      0.0005156518327227855
    ],
    [
      -0.033206652769975364,
      -0.8602774646899676,
      -0.5087435522524251
    ]
  ],
  "t_cam2ref": [
    0.025652315727880005,
    0.2573767428832648,
    0.1459514185409872
  ],
  "R_ref2cam": [
    [
      -0.019024340515354288,
      -0.9992674280090241,
      -0.033206652769975364
    ],
    [
      -0.5083879840468148,
      0.038266714301299354,
      -0.8602774646899676
    ],
    [
      0.860917959009319,
      0.0005156518327227855,
      -0.5087435522524251
    ]
  ],
  "t_ref2cam": [
    0.2625227723564904,
    0.12875108310166122,
    0.05203458703534519
  ],
  "T_cam2ref": [
    [
      -0.019024340515354288,
      -0.5083879840468148,
      0.860917959009319,
      0.025652315727880005
    ],
    [
      -0.9992674280090241,
      0.038266714301299354,
      0.0005156518327227855,
      0.2573767428832648
    ],
    [
      -0.033206652769975364,
      -0.8602774646899676,
      -0.5087435522524251,
      0.1459514185409872
    ],
    [
      0.0,
      0.0,
      0.0,
      1.0
    ]
  ],
  "T_ref2cam": [
    [
      -0.019024340515354288,
      -0.9992674280090241,
      -0.033206652769975364,
      0.2625227723564904
    ],
    [
      -0.5083879840468148,
      0.038266714301299354,
      -0.8602774646899676,
      0.12875108310166122
    ],
    [
      0.860917959009319,
      0.0005156518327227855,
      -0.5087435522524251,
      0.05203458703534519
    ],
    [
      0.0,
      0.0,
      0.0,
      1.0
    ]
  ]
}