{
  "camera_label": "cam_h",
  "side": "left",
  "R_cam2ref": [
    [
      -0.04074115713262483,
      -0.480382527652494,
      0.8761123131435236
    ],
    [
      -0.998595643199848,
      0.04929601454785293,
      -0.019407326760264854
    ],
    [
      -0.03386590465020234,
      -0.8756726158079278,
      -0.4817162758578173
    ]
  ],
  "t_cam2ref": [
    0.018196523232410645,
    -0.24101909990978937,
    0.1406988116433285
  ],
  "R_ref2cam": [
    [
      -0.04074115713262483,
      -0.998595643199848,
      -0.03386590465020234
    ],
    [
      -0.480382527652494,
      0.04929601454785293,
      -0.8756726158079278
    ],
    [
      0.8761123131435236,
      -0.019407326760264854,
      -0.4817162758578173
    ]
  ],
  "t_ref2cam": [
    -0.2351743831460757,
    0.14382866931311655,
    0.04715717307471336
  ],
  "T_cam2ref": [
    [
      -0.04074115713262483,
      -0.480382527652494,
      0.8761123131435236,
      0.018196523232410645
    ],
    [
      -0.998595643199848,
      0.04929601454785293,
      -0.019407326760264854,
      -0.24101909990978937
    ],
    [
      -0.03386590465020234,
      -0.8756726158079278,
      -0.4817162758578173,
      0.1406988116433285
    ],
    [
      0.0,
      0.0,
      0.0,
      1.0
    ]
  ],
  "T_ref2cam": [
    [
      -0.04074115713262483,
      -0.998595643199848,
      -0.03386590465020234,
      -0.2351743831460757
    ],
    [
      -0.480382527652494,
      0.04929601454785293,
      -0.8756726158079278,
      0.14382866931311655
    ],
    [
      0.8761123131435236,
      -0.019407326760264854,
      -0.4817162758578173,
      0.04715717307471336
    ],
    [
      0.0,
      0.0,
      0.0,
      1.0
    ]
  ]
}