{
  "camera_matrix": [
    [391.9335632324219, 0.0, 320.5389099121094],
    [0.0, 391.6839294433594, 239.18849182128906],
    [0.0, 0.0, 1.0]
  ],
  "dist_coeffs": [
    -0.0493474081158638,
    0.055433742702007294,
    0.0005837514181621373,
    0.000944700266700238,
    -0.017343956977128983
  ]
}
